customerId,firstName,lastName,email,phone,city,state,zipcode,country
1,Kayla,Jordan,hkirk@price.org,7111914320,Traceychester,Minnesota,81429,Nepal
2,Carolyn,Arroyo,hendersonnatalie@solomon.com,9432813834,Bettyfort,Kentucky,36359,Anguilla
3,Paul,Roberts,andrew11@hotmail.com,7938811068,Greenburgh,Alaska,51663,Nicaragua
4,Timothy,Robinson,michaelmanning@bennett.org,6271432096,Cindyside,North Dakota,88419,Dominican Republic
5,Ashley,Warren,evansmark@yahoo.com,7636167686,South Danielleshire,South Carolina,24707,Uzbekistan
6,Shelby,Singleton,arivera@patel-taylor.com,8905459451,Port Theresaview,Wyoming,9306,Saint Barthelemy
7,Amanda,Jackson,frowe@jones.net,8929309849,Susanburgh,Ohio,30066,Northern Mariana Islands
8,Luis,Simmons,brad85@malone.com,6600128628,Shirleyhaven,Rhode Island,80571,Jamaica
9,Lisa,Johnson,ashleywang@yahoo.com,9291121811,Kingborough,Kansas,36255,Luxembourg
10,Holly,Lindsey,simmonsvickie@stevens.com,8930507658,South Brandon,Minnesota,25646,Cyprus
11,Kristine,Yates,rogersmichael@gmail.com,8597255741,East Mary,Nevada,68366,Qatar
12,Lauren,Houston,georgecrystal@hotmail.com,7046584477,South Brian,California,74575,Cayman Islands
13,Dana,Lopez,jacksonkenneth@yahoo.com,6514777026,New Jennifer,Alabama,24959,Brazil
14,Tara,Howe,shahsteven@gmail.com,8417813801,Smithbury,Mississippi,19736,Cambodia
15,Victoria,Johnson,perrypeter@conner.com,9676094862,Grayton,Oklahoma,85232,Algeria
16,Rebecca,Brown,markjohnson@nguyen.com,8090253583,Lake Ryan,California,76705,Greece
17,Andrea,Morse,newtonthomas@bell.com,6885040951,West Terri,Virginia,68307,Saint Martin
18,James,Carter,kylebaxter@floyd.com,6758672058,Lauraberg,Kansas,35151,Montenegro
19,Brenda,Mcfarland,nparker@richards-horton.com,6628798181,New Michael,Massachusetts,61790,Eritrea
20,Shelley,Hill,jennifer67@bird.net,8812242423,Richardton,Wisconsin,12724,American Samoa
21,Carrie,Terrell,virginia31@yahoo.com,9909299456,Gonzalezview,Louisiana,36121,Ghana
22,William,Davis,juanmccarthy@gmail.com,7750291457,Lake Oscar,Alaska,14864,Swaziland
23,Mary,Perez,andrew61@yahoo.com,8924306529,West Gabrielle,Utah,13884,Monaco
24,Justin,Petty,rhondaerickson@yahoo.com,7605425106,Codyside,New Hampshire,46086,Nauru
25,Edwin,Daniel,buckleykayla@gmail.com,9000602023,East Bradley,Delaware,662,Moldova
26,Monica,Walton,emilyrose@yahoo.com,7592215221,East Lisaberg,Massachusetts,78521,Wallis and Futuna
27,Christopher,Park,belldavid@gmail.com,6843642196,East Anthonyland,Maryland,28064,Iceland
28,Justin,Nelson,qchapman@gmail.com,9626920152,Port Nicholebury,South Carolina,11911,Aruba
29,Tammy,Edwards,ecolon@hotmail.com,8654511029,Adrianburgh,Delaware,85191,Sierra Leone
30,Sean,Taylor,taylorjennifer@sims.com,9149671632,Jasonton,Idaho,61280,Paraguay
31,Pam,Campos,dustingonzalez@oconnell-hoffman.com,6027215821,Devonmouth,Kentucky,28887,Mayotte
32,Kerri,Pierce,mortonthomas@kent-lamb.com,7539456801,Port Cynthia,Connecticut,41259,Wallis and Futuna
33,Sara,Johnson,tara97@gmail.com,8242455466,East Kevin,Iowa,10951,Korea
34,Katie,Garrett,laurenlopez@yahoo.com,9386883430,North Joshua,Michigan,93655,Christmas Island
35,Jonathan,Griffin,jenniferlawson@harmon.com,6669895770,Jenkinschester,Indiana,22333,Romania
36,Mary,Kelly,williamstevens@hotmail.com,6224161736,Port Michael,Wyoming,98129,Argentina
37,Tammy,Hunt,pricejacqueline@gmail.com,7438861888,East Christopherland,Maryland,28909,Norway
38,Hector,Anderson,joshuahart@yahoo.com,7424932340,Kendraland,Hawaii,5086,Armenia
39,Joseph,Campbell,chase23@yahoo.com,7633459462,Port Travismouth,Montana,51563,Croatia
40,Derrick,Michael,egarcia@dean-price.net,8077881976,South Theresa,South Carolina,20170,Estonia
41,Virginia,Robinson,smithaaron@allen.com,8579445925,Port Daniel,North Carolina,56804,United States Virgin Islands
42,Kimberly,Hoffman,scottbentley@yahoo.com,8363710045,West Markmouth,Oregon,20920,Gabon
43,Steven,Winters,mosesmatthew@hotmail.com,8832194720,South Davidmouth,Illinois,43136,Namibia
44,Rickey,Le,crystalsheppard@yahoo.com,6824466614,Sparksland,Florida,30869,Croatia
45,Tracy,Long,zweber@yahoo.com,7126442167,Hartmanfort,Florida,48566,Saint Pierre and Miquelon
46,Deanna,Smith,ianflynn@yahoo.com,8082323077,East Eric,Texas,10699,Algeria
47,Rachel,Miller,powellmichael@gilbert.biz,8364770528,West Jamesville,Arkansas,80342,Trinidad and Tobago
48,Evan,Robinson,deborahwallace@serrano-campbell.info,9642301968,Sancheztown,Arizona,25947,Kyrgyz Republic
49,Patricia,Green,fanderson@schneider.com,8185168098,Port Edwinville,Tennessee,44835,Falkland Islands (Malvinas)
50,Roberta,Little,denisewashington@gmail.com,8255018525,Lake Theresaberg,Louisiana,26784,Cape Verde
51,Amanda,Lopez,zhopkins@johnson.net,9660137804,Debraberg,Oregon,68994,Tuvalu
52,Gina,Gray,makaylasullivan@yahoo.com,7149954931,Lake Emily,South Dakota,97314,Bahrain
53,Megan,Andrade,scottterri@yahoo.com,8958754728,Lake Whitney,Mississippi,35718,Iceland
54,Michelle,Martin,earl21@gmail.com,9281001507,Hernandezstad,Maine,40187,Cook Islands
55,David,Martin,robinperkins@hotmail.com,8262380234,Mikeland,Iowa,9457,Sudan
56,Robert,Bell,kristenarmstrong@yahoo.com,7997781692,Stevensbury,New Mexico,17167,Uganda
57,Jessica,Cook,thomasrandy@best.com,9273169591,Ricardoborough,North Dakota,45332,Congo
58,Robert,Grimes,jamesgarner@morales.com,7861528953,Christopherview,Colorado,34181,Russian Federation
59,Melissa,Mann,hernandezandrea@hotmail.com,6632390727,North Brittany,Wyoming,57906,Hungary
60,Russell,Campbell,tharrington@walter.com,7034175955,Whiteborough,Alabama,98638,Panama
61,Scott,Evans,alexanderamy@gmail.com,9384800840,Brownburgh,Indiana,27239,Northern Mariana Islands
62,Melissa,Thompson,qnelson@krueger.net,8553561964,Eddieborough,South Carolina,23299,Norway
63,Thomas,Gilbert,yvance@thomas.com,9845000591,Franklinport,Maine,17775,Bangladesh
64,Dana,Gibson,vazquezgeorge@hotmail.com,8707819057,East Brittanyton,Utah,90204,Brazil
65,Jose,White,jjackson@hurley.com,8327379449,West Wanda,Nevada,49608,American Samoa
66,Joel,Garcia,myoung@holt-howell.org,8516845912,Brandonburgh,Alabama,34815,Barbados
67,Kelly,Elliott,kathy58@knight-nicholson.com,8460159227,New Benjaminland,Texas,93382,French Southern Territories
68,Rhonda,Gallegos,ashley15@gmail.com,8569288013,North Danielland,Nebraska,62800,New Caledonia
69,Michael,Cantrell,ibarrakelly@cook.org,9421859083,South Michael,California,65315,Western Sahara
70,Jose,Jennings,jessicavincent@alvarez.net,6463396691,Townsendton,Nevada,96828,Iraq
71,Chelsey,Thompson,mccallpatrick@gmail.com,9503122890,Erinfurt,New Jersey,81506,Libyan Arab Jamahiriya
72,Deborah,Schultz,laurenford@yahoo.com,8506002622,New Williamburgh,Minnesota,48992,Solomon Islands
73,Stephanie,Jackson,lukewilliams@sanchez.com,6886479921,South Tracy,Utah,94017,Grenada
74,Kelly,Reynolds,hsmith@yahoo.com,8336908973,South Joelton,Utah,21675,Switzerland
75,Jane,Gallagher,longcharles@hotmail.com,6027187567,New Ian,Missouri,86372,Turkey
76,Shelly,Walters,stephen71@espinoza-bender.com,7901150493,West Emily,Arizona,97485,Cuba
77,Jennifer,Villarreal,whiterebecca@nichols-moreno.com,9454663653,Jennaside,Tennessee,21493,Swaziland
78,Glenda,Anderson,vickiesmith@hotmail.com,8118972437,New Susanside,South Carolina,4750,Denmark
79,Kristin,Ross,jnicholson@porter-little.org,8723987846,Sotoville,New Mexico,45073,Chad
80,Robert,Miller,floresjames@thomas.com,6946011867,New Martha,Iowa,98239,Botswana
81,Shannon,Garcia,uhill@jarvis.org,9888178167,West Jessica,Missouri,52678,Bahrain
82,Elizabeth,Ramirez,yatesmiranda@young.org,7762202721,North Felicia,Florida,12483,Morocco
83,Amanda,Cardenas,debrakelly@gmail.com,7810758247,South Arthur,Louisiana,75039,Congo
84,Ariana,Blake,evanskelli@lindsey.com,6024722160,West Barbaraland,Ohio,91245,Pakistan
85,Susan,Carroll,heidihammond@lang.com,8150613193,East Marcusside,Missouri,58666,Ghana
86,Daniel,Hill,brownjennifer@cabrera.biz,7933044197,New Lisa,North Carolina,20213,Lebanon
87,Jessica,Smith,vmiller@yahoo.com,7365142254,New Jessica,Connecticut,48776,Brazil
88,Yolanda,Jones,vegaaustin@beck.com,7248853277,Maryview,Louisiana,65369,Nigeria
89,Richard,Smith,sbryant@walker.net,7835783397,Lake Haley,Georgia,4572,Burundi
90,Valerie,Phillips,melissajordan@hensley-davidson.com,9880944556,Ortizside,Georgia,75435,Cocos (Keeling) Islands
91,Megan,Riddle,brandimarsh@yahoo.com,7808355379,New Genestad,Nevada,760,Sri Lanka
92,Raymond,Nguyen,keith03@mcdonald.com,7265670829,North Kenneth,Arkansas,78465,Venezuela
93,Marie,Cannon,fwhite@gmail.com,8633061887,North Brianfurt,Nebraska,54176,Cayman Islands
94,Beverly,Wright,christina80@gmail.com,6874043998,North Alyssaville,South Dakota,1628,Guinea
95,Michael,Torres,wrich@hotmail.com,7522962184,Owensmouth,Mississippi,77766,Slovenia
96,Glenn,Taylor,karen51@williams.com,9319509399,Kristinemouth,Minnesota,54374,United Arab Emirates
97,Tyler,Collins,coxmark@burton-barnett.net,6217299961,New Chase,Oregon,48555,Algeria
98,Megan,Johnson,pfoster@chapman.info,7474595348,Smithview,Kansas,74251,Spain
99,Scott,Armstrong,nancy22@edwards.biz,8586636083,East Kelly,Minnesota,42799,Singapore
100,Carla,Schmidt,antonioryan@bennett-rose.com,9970513740,Johnshire,Mississippi,98504,Fiji
101,Aaron,Hutchinson,kevin48@yahoo.com,7356056285,South Dylanton,South Dakota,83380,Slovakia (Slovak Republic)
102,Margaret,Vazquez,matthew70@fuller-green.com,8712521557,Combsstad,Alabama,17590,Nauru
103,Shane,Johnson,egraham@phelps.com,7012934257,Valenciamouth,West Virginia,40178,Iraq
104,Catherine,Williams,zray@pierce-stevens.biz,8740220446,Smithchester,Illinois,55573,Namibia
105,Garrett,Flores,villanuevajohn@gmail.com,9287452651,Port Dakota,Washington,5457,Cambodia
106,Mark,Lucas,jonathanmclaughlin@yahoo.com,7695605051,South Joshua,West Virginia,53669,Qatar
107,Mark,Wise,xavier22@willis-hall.com,9047656729,North Rhondaport,Wyoming,56303,Latvia
108,Kaitlyn,Morse,mfisher@todd.com,7086750175,East Saraview,Kentucky,97900,Jordan
109,Chad,Blevins,jacquelineroberts@hotmail.com,7045945359,New Derrick,Washington,72746,Andorra
110,Katherine,White,colemanjamie@hotmail.com,8277920445,Torresfort,New Jersey,80687,British Indian Ocean Territory (Chagos Archipelago)
111,Karen,Lopez,bryangray@hodges.biz,8708312765,Christophertown,Minnesota,14052,Liberia
112,Ashley,Patrick,johncarter@pitts.com,7300887164,East Theresa,Alaska,90811,Bouvet Island (Bouvetoya)
113,Paige,Mcpherson,annemiller@berry-butler.com,6090673390,Ericksonport,West Virginia,54361,Spain
114,Jared,Jenkins,nconner@salazar.biz,9733475172,Martinezberg,New Mexico,97427,Uzbekistan
115,Stephanie,Peterson,dianamiller@gmail.com,7422750629,Lopezbury,South Dakota,34719,Reunion
116,Paul,Williams,amandagonzales@gmail.com,6021831894,West Keithbury,Pennsylvania,24863,Canada
117,Kenneth,Nolan,alexismercado@gmail.com,6054284239,Amberport,North Carolina,27571,Morocco
118,Casey,Doyle,johnsonroger@hotmail.com,9823729353,Mcconnelltown,Idaho,39965,Georgia
119,Shane,Schultz,qmatthews@hotmail.com,8692346585,North Kellyberg,Alabama,95294,Sierra Leone
120,Austin,West,juliealvarez@morse.com,6207556381,South Brenda,Wyoming,95141,Monaco
121,Rebecca,Phillips,andrewdiaz@williams-crosby.com,6259497965,East Stephanie,South Dakota,97229,Nauru
122,Jeffrey,Simon,tparker@hotmail.com,8216142054,Lake Robertton,Massachusetts,81022,Sierra Leone
123,Dana,Lewis,yvonne26@luna.com,9230322672,Flemingville,New York,95526,Russian Federation
124,Robert,Jones,haynesnicole@hotmail.com,7702691228,Port Stacey,Massachusetts,45718,Congo
125,Rodney,Delgado,tracey60@hotmail.com,6167827723,West Danielfurt,Tennessee,37844,Samoa
126,Melanie,Gates,shari07@carter-diaz.com,8394730655,Lake Patrick,Michigan,76500,Saint Pierre and Miquelon
127,Tiffany,Armstrong,seancohen@hotmail.com,8297462467,East Brenda,Nevada,95765,Slovakia (Slovak Republic)
128,Andrew,Phillips,dstone@moore.info,6704161547,Hamiltonmouth,New Mexico,50728,Maldives
129,Michelle,White,patrick68@gmail.com,8781917213,Haydenchester,Florida,89645,Egypt
130,Stephanie,Hensley,richardhamilton@murphy.com,8828397768,Shelbymouth,South Dakota,53181,Samoa
131,Jesse,Nicholson,brent75@gmail.com,7445451757,Michellemouth,Massachusetts,50700,San Marino
132,Rebecca,Jones,jennifer24@gmail.com,8078413189,North Markside,Colorado,95621,Poland
133,Stacey,Lopez,carlos40@bond.biz,8693461277,New Jesse,Oregon,76426,Netherlands
134,Donna,Lee,rdiaz@frazier.net,8194002180,Petersonburgh,Mississippi,62184,Saint Martin
135,Melissa,Huffman,emily38@wong.com,9860031013,Jamesmouth,Kansas,88563,Estonia
136,Mary,Gordon,janice28@collins.com,9887854020,Perryberg,Kansas,48833,Czech Republic
137,Susan,Barber,jameswolfe@hotmail.com,6362931597,Lake Hannahfurt,Florida,52264,Gabon
138,Claudia,Taylor,gregory70@vargas.com,7806001313,Susanstad,Massachusetts,18588,Taiwan
139,Dennis,Norton,alvarezandrew@gmail.com,8571784226,North Kennethfort,Utah,66569,Japan
140,Tommy,Hayden,smithmicheal@gmail.com,6039203082,East Jason,Wisconsin,5032,Kuwait
141,Michelle,Carr,christopher78@silva-reynolds.com,8568149889,New Heatherfurt,New Mexico,32937,Hungary
142,Leslie,Moore,john07@yahoo.com,7272471484,West Anna,Oklahoma,48851,United Arab Emirates
143,Chase,Howard,srodriguez@yahoo.com,6933154629,Angelatown,New Hampshire,55196,Saint Barthelemy
144,Warren,Koch,janice39@thompson-rivas.com,7558075667,Christophermouth,Kentucky,63970,Andorra
145,Melissa,Watson,xsmith@gmail.com,9576026081,North Andrew,Utah,27771,Finland
146,Erin,Thomas,susan59@yahoo.com,6262318666,Kevinmouth,Iowa,44279,Barbados
147,Kimberly,Miller,uberger@montgomery.com,6603976993,North Stephaniefort,Delaware,57668,Tajikistan
148,Amber,Hall,tranann@yahoo.com,8017659187,Kristinahaven,Utah,95134,South Georgia and the South Sandwich Islands
149,Kari,Perez,julie82@wells-fernandez.org,9367978097,Crystalview,Indiana,12941,Niger
150,Gregory,York,nina30@johnson-walton.com,7904750153,West Harry,Washington,55701,Saint Kitts and Nevis
151,Pamela,Crawford,ebony57@gmail.com,8688554190,Thomasmouth,Maryland,53546,Russian Federation
152,Charles,Hendricks,brendan12@benton.com,8650509721,Drewfort,Missouri,16913,Israel
153,Jeffrey,Ray,jamescampos@hotmail.com,7242068259,Michelletown,Kansas,74962,Cuba
154,Amy,Jones,plowe@pearson.com,8757780032,Kellermouth,Arizona,32178,Greece
155,Gary,Singh,natasha28@hotmail.com,8063480005,Littleville,North Carolina,3304,Finland
156,Cassidy,Thompson,rodriguezjill@hotmail.com,8917995108,Erinland,Utah,25594,Belize
157,Kelsey,Underwood,cruzshannon@gmail.com,7906942740,Lisaburgh,Connecticut,51043,France
158,Kevin,Bailey,kathleen09@spears-rollins.info,8705546281,Bryantville,Wyoming,52517,Martinique
159,Nicole,Wilson,kingnancy@gmail.com,6536428420,Michaelborough,New York,5670,Martinique
160,Michelle,Davis,dlynn@hotmail.com,7139140028,Erinton,Nebraska,97040,Monaco
161,Kevin,Gutierrez,bradshawkimberly@gmail.com,7720257386,Port Elizabethstad,Colorado,22950,Saint Martin
162,Margaret,Moss,foxbenjamin@gmail.com,6042683600,Kingfurt,New Jersey,60401,Belize
163,Jessica,White,erikcook@hotmail.com,9702621814,South Jill,Oregon,19126,Micronesia
164,Brent,Hamilton,vgardner@allen-guzman.biz,7086183065,Reedview,Washington,21322,Iraq
165,Drew,Williams,newtontina@davis.com,7745949917,South Paulshire,Wyoming,66361,American Samoa
166,Dustin,Mason,cgreen@hotmail.com,6488632640,Dillonburgh,Idaho,66079,Guyana
167,Marisa,Moore,stephanie93@hotmail.com,8483190017,New Steve,Mississippi,85334,Taiwan
168,Nicholas,Lee,emoore@yahoo.com,7761241883,Port Amanda,Connecticut,23211,Grenada
169,Ronald,Villanueva,panderson@yahoo.com,9845737203,Martinhaven,Vermont,69508,Venezuela
170,Lisa,Gomez,krusso@robinson-james.com,7943468130,New Timothy,Alaska,80446,France
171,Jessica,Peterson,munozdaniel@gmail.com,7066589574,Wellsborough,Nevada,46518,Gibraltar
172,Patricia,Blair,snguyen@bonilla-carter.net,6783401403,Emilyview,South Dakota,7094,Azerbaijan
173,Michael,Campbell,john65@johns-torres.com,6096259490,Ortegafort,Indiana,15891,Israel
174,Jasmine,Gallagher,schmidtdesiree@gmail.com,6001512878,Aimeeberg,Illinois,99299,Fiji
175,Jon,Hogan,lorettatorres@myers.com,6437834743,Nicoleshire,Texas,45044,Lesotho
176,Jared,Hall,jessica77@blankenship.com,8939481489,East Mercedesmouth,Delaware,83155,Antarctica (the territory South of 60 deg S)
177,Timothy,Mitchell,hallchristine@hill.biz,6020004465,Port Alejandro,Kansas,68921,Gibraltar
178,Caleb,Gonzalez,grandall@yahoo.com,6840852155,Port Tiffany,Iowa,69054,United Kingdom
179,Brent,Harrington,anthony26@yahoo.com,9375491762,Lake Jamesland,North Dakota,4454,Brunei Darussalam
180,Steven,Hardy,dustin69@hotmail.com,7073301739,South Johnbury,Michigan,40210,Comoros
181,Michelle,Smith,hancockgeorge@gonzalez.org,8976555391,Grayland,South Dakota,92783,Taiwan
182,Jesse,Kelly,julianelson@snyder-scott.info,9828208205,Dorseymouth,Maine,22513,Estonia
183,Amy,Sanchez,dawsongordon@gmail.com,9962900097,Lake Heatherstad,Minnesota,96546,Christmas Island
184,Sarah,Greer,mcooper@romero-howe.info,6224287685,East Desireeview,Rhode Island,45365,Swaziland
185,Scott,Colon,williamedwards@hotmail.com,6009108464,Mckenzieland,Alabama,13887,Suriname
186,Scott,Hamilton,thomas25@gmail.com,8457558170,Morrismouth,Kentucky,48654,Niue
187,Megan,Marsh,stephaniegates@gmail.com,8648645496,Chambersfort,Oklahoma,63618,Poland
188,Andrew,Watson,john05@gardner.com,6872148633,North Rayfurt,New York,90367,Sierra Leone
189,Crystal,Ramirez,laura26@gmail.com,7156683422,Laurenmouth,West Virginia,10075,Lebanon
190,Susan,Marsh,johndominguez@garcia.com,9932639222,New Robert,Maryland,65758,Mauritania
191,Randy,Ramirez,joshuafrench@gmail.com,7173903450,Whiteshire,Delaware,41606,Eritrea
192,Sean,Keith,codydavidson@hotmail.com,7702286414,Nicholasborough,New York,46240,Colombia
193,Amanda,Flynn,michealstephens@johnson.com,7237653980,New John,Maine,47570,Czech Republic
194,Johnny,Bell,jacobcollins@hopkins.com,6522324869,Roberttown,Mississippi,60783,Tanzania
195,Richard,Garcia,fallison@gmail.com,9067262987,Robbinshaven,New Jersey,86417,Malawi
196,Joshua,Ayala,michelle58@hotmail.com,6054945598,Stephenton,Nevada,3916,Sweden
197,Heather,Clark,smithtyler@hotmail.com,9677571812,Michaelhaven,New York,30795,Burkina Faso
198,Sarah,Wallace,eric55@johnson.info,7734180985,Bishopville,North Carolina,7337,Monaco
199,Samantha,Banks,megan69@schaefer.com,8905055383,Lydiaberg,North Carolina,24863,Grenada
200,Peter,Morris,maurice73@hotmail.com,8133643454,Levineside,Missouri,9970,Cocos (Keeling) Islands
201,Mike,Lopez,bradleyashley@yahoo.com,9283872644,Jamieburgh,Oklahoma,24907,Luxembourg
202,Victoria,Lee,christopher81@gmail.com,7608980052,South Leslietown,New Hampshire,77642,Mongolia
203,Jennifer,Mitchell,danielle87@hotmail.com,9947980940,Gutierrezberg,New Mexico,56589,Costa Rica
204,Charles,Brock,strongsandra@yahoo.com,7979509178,South Jessicachester,Texas,15224,United States Virgin Islands
205,Nicole,Jacobson,josephneal@gmail.com,6620279794,New Juantown,New Jersey,78512,Comoros
206,Christopher,Payne,john60@sullivan.info,9500203436,Stokesberg,Florida,76934,Saint Helena
207,Dominique,Campbell,christophersaunders@smith-diaz.com,6858607215,East Danielland,Idaho,95926,Paraguay
208,Tanya,Carrillo,perezjill@barnes-anderson.com,6520266655,New Laurenton,Florida,24801,Comoros
209,Kristina,Mckee,parksnicholas@hotmail.com,8204086936,Jamesbury,Montana,98066,Nigeria
210,David,Acevedo,williamsamy@griffin.com,7985998228,Suarezmouth,Illinois,14114,Saint Barthelemy
211,Jessica,Reyes,nturner@gmail.com,7797831366,Oconnorville,Montana,51390,Georgia
212,Rita,Perez,kathleenturner@yahoo.com,7035150284,Tinamouth,Montana,57409,Marshall Islands
213,Isaac,Patel,olopez@rodriguez-rowe.com,8042849463,Davidland,Virginia,78963,Lesotho
214,Connie,Marquez,jennifer28@mathis-ortega.biz,6234874755,Robinsonborough,Rhode Island,56104,Brunei Darussalam
215,Karina,Rangel,jennifer69@roberts.org,8438659213,Port Vincent,Nebraska,74940,Bahamas
216,George,Cook,colleenowens@dominguez.biz,9636309340,Paigeshire,Tennessee,57212,Guinea-Bissau
217,Derek,Wilkins,nsmith@miller.com,6291855495,Andrewsland,Michigan,51140,Palau
218,Christopher,Mcdonald,cindysloan@gmail.com,8229609009,Smithland,Utah,62738,Bangladesh
219,Christine,Wise,victoriacruz@gmail.com,7498642176,New Billy,Colorado,29429,Cocos (Keeling) Islands
220,Nicholas,Blair,iwalsh@gmail.com,9672274775,Sandersview,Iowa,70541,Guernsey
221,Lauren,Patterson,barnesamber@gmail.com,6351265489,Stevensonside,Colorado,7789,Nepal
222,Erik,Mcdonald,paulaballard@nguyen-osborne.org,8969778640,Pagefurt,Nevada,69765,Germany
223,Olivia,Steele,rebeccasantos@gmail.com,8132586119,West Tanner,Florida,73559,Mauritania
224,Richard,Wagner,clewis@nielsen-mckay.biz,7048423730,Katieshire,Idaho,25334,Estonia
225,Kevin,Martin,jessica03@mcbride.com,9499285080,Shellyberg,Missouri,21018,Uruguay
226,Amy,Jordan,pamelacrawford@hernandez.com,9945179303,Port Samuelborough,Georgia,68595,Faroe Islands
227,James,Richard,donna55@mcdaniel-rose.biz,6054470393,Steveburgh,New Mexico,81446,Tanzania
228,Julie,Bentley,umoore@gmail.com,7098574137,Pruittchester,North Carolina,70405,Nauru
229,Michael,Spencer,edwin52@hotmail.com,7693581550,East Michelle,Montana,52640,French Southern Territories
230,Megan,Perry,kcabrera@brown.com,6407917053,Melissastad,Tennessee,13389,Albania
231,Wendy,Chavez,walkeryolanda@guerrero.com,7298682682,Stevenmouth,New Mexico,75472,French Southern Territories
232,Heather,Nelson,hernandezfelicia@yahoo.com,6136526298,Philipborough,Oklahoma,29345,Guadeloupe
233,Chad,Patrick,brendawalker@gmail.com,8520624687,Reedland,New Jersey,18939,Bahrain
234,Jonathan,Strickland,natalie99@neal.net,8402294773,Sarahside,Georgia,74746,Reunion
235,Mary,Jackson,jon37@gmail.com,9640979478,Bradystad,Utah,43890,Benin
236,Nicole,Buchanan,jennifer95@bray.biz,7755029248,Mccoytown,Michigan,76088,French Southern Territories
237,Edward,Casey,rachael20@wilson.com,6827323694,New Joseph,Montana,99401,Niue
238,James,Contreras,rodriguezrobert@clarke-craig.com,9914044012,South Kenneth,Oregon,73146,Afghanistan
239,Robin,Gomez,sharmon@gmail.com,9912681853,South Sara,North Carolina,85194,Switzerland
240,Lisa,Porter,devinbrewer@ritter-hanson.org,7293399236,Robinsonton,Nevada,94711,Fiji
241,Vanessa,Stephenson,jason94@rosales.com,9027757283,Joneshaven,Wisconsin,26125,Bhutan
242,Larry,Russell,jordanmichael@morrison-ramirez.com,6644593932,Cantufurt,Colorado,98655,Western Sahara
243,Angela,Tucker,vasquezjessica@hotmail.com,8620224214,Bellton,Ohio,55252,Sudan
244,Alexander,Perez,rcook@barton-newman.com,9443992226,Schneiderchester,Ohio,29659,Saint Martin
245,Thomas,Grimes,trannorma@hotmail.com,9730652676,Robinsonland,Colorado,99348,Saint Lucia
246,Carrie,Webb,nicolequinn@yahoo.com,8430533514,South Markmouth,Minnesota,57925,Moldova
247,Wendy,Wagner,halegeorge@yahoo.com,6941457434,North Shelby,New Hampshire,7547,Denmark
248,Katherine,Morrison,qmeyers@robertson-williams.com,8778816845,South Thomasfort,Alaska,7072,Romania
249,Ian,Koch,matthewbecker@chavez.org,9502691237,North Heatherton,Georgia,59796,Sierra Leone
250,Roger,Esparza,umorrison@middleton.com,6117507203,Freemanport,New York,49892,Turks and Caicos Islands
251,Gregory,Rodriguez,ddunn@yahoo.com,7247343048,Walterhaven,Oregon,30090,French Southern Territories
252,Alan,Huffman,henrytonya@hogan.info,6153110319,East Martha,Massachusetts,41500,Benin
253,Allen,Ramirez,samantharamirez@huffman.org,7419769179,West Frank,Illinois,10326,Christmas Island
254,Jeanne,Gomez,pmullins@gmail.com,8756421772,Butlerton,Virginia,46417,Kazakhstan
255,Maria,Miller,robert74@yahoo.com,9353660068,East Vincent,Arizona,68016,Montserrat
256,Alicia,Richards,wileyroberto@frazier.com,7160673275,Sanchezshire,Washington,93345,Vanuatu
257,Nathan,Young,elijahfisher@gonzalez-scott.info,7899550024,North Russellmouth,South Carolina,90564,Norfolk Island
258,Jonathan,Anderson,tskinner@yahoo.com,9596652011,Mariaton,Connecticut,21677,Christmas Island
259,Michael,Kane,oleach@johnson.com,6619322094,Bruceburgh,South Dakota,62426,Korea
260,Stephanie,Lee,bwright@gutierrez-ward.com,7425690667,Wellsland,Arkansas,37173,Saint Helena
261,Joshua,Walker,amyfreeman@hotmail.com,6552004363,Meganland,Florida,45282,Japan
262,Zachary,Cherry,mariafisher@mccarthy-miller.com,8949479944,East Hollyberg,Nebraska,60203,Syrian Arab Republic
263,Jennifer,Sanders,hancockkimberly@sullivan.net,9954479106,New Dustin,South Dakota,1329,New Caledonia
264,Scott,Singleton,pjones@young.org,6882054417,East Robertshire,New Mexico,11301,Timor-Leste
265,Robin,Hanson,jordandaniel@caldwell.com,8169017662,Jacksonton,Minnesota,1274,Serbia
266,Michael,Hardin,davidmarsh@moore.com,9457921281,East Gregory,New Mexico,70883,Sao Tome and Principe
267,Elizabeth,Miller,evan37@armstrong-robinson.info,6381778917,Manuelstad,Iowa,97231,Papua New Guinea
268,Lisa,Mcpherson,theresa54@powell-clayton.com,8442095783,Copelandfurt,South Carolina,31639,El Salvador
269,Elizabeth,Gallagher,williamhorton@yahoo.com,6019320274,Paulaburgh,South Carolina,7777,Jamaica
270,Madison,Ball,jamesrobertson@dunn.com,9196507161,West Allisonfort,Delaware,46384,Barbados
271,Erin,Conley,twalker@hill-odonnell.com,8248231597,Casebury,Ohio,51593,Heard Island and McDonald Islands
272,Rebecca,Robertson,ronald93@yahoo.com,8863454129,New Jenniferchester,Hawaii,90562,El Salvador
273,Stephanie,Giles,jzuniga@gmail.com,7252312597,Haroldfurt,Massachusetts,1455,Pakistan
274,David,Jones,olsenmeghan@powell-lamb.net,6954884712,South Samantha,California,76303,Malaysia
275,Gary,Gaines,yblack@hotmail.com,7232173503,West Andrea,Colorado,67067,Tokelau
276,Randall,White,maldonadosara@cowan.net,7910650244,Dawnfurt,West Virginia,82591,Togo
277,Teresa,Taylor,kellernicholas@hotmail.com,9572908334,Briantown,Massachusetts,29239,Jordan
278,Laura,Ellis,davidbrown@yahoo.com,9044589122,Sherylhaven,California,53594,Ukraine
279,Donna,Kramer,ryan28@gmail.com,9325904807,East Anthony,Wisconsin,96213,Gabon
280,Kristi,Stevenson,chelsey28@hotmail.com,8458494063,Port Michaelmouth,Rhode Island,62798,Andorra
281,Barbara,Armstrong,johnsonkevin@gmail.com,7555581728,East Thomasfort,Vermont,46001,Wallis and Futuna
282,Loretta,Jones,michael34@yahoo.com,9354150874,Lake Colleen,Wyoming,61564,Algeria
283,Craig,Kramer,jshaw@hotmail.com,8734608077,Jackland,Connecticut,33746,Thailand
284,Gina,Stewart,groberts@clay-hill.com,8819818137,Jennifermouth,Kentucky,9947,Samoa
285,Courtney,Anderson,djohnson@lewis-evans.com,8869353480,Hoffmanstad,Pennsylvania,36532,Benin
286,Kenneth,Pace,mitchellhaley@gmail.com,9954177860,Port Ericaburgh,Nevada,14599,Turks and Caicos Islands
287,Clifford,Phillips,brian87@walker-henry.com,8144467249,Chadshire,Michigan,12112,Niue
288,Christopher,Johnston,tcoleman@bradley-ramos.org,7927217567,East Michaelborough,Wyoming,71640,Thailand
289,David,Holmes,jonesdaniel@gmail.com,9450961548,Nealstad,Georgia,42391,Nicaragua
290,Laura,Hill,hannahkidd@hotmail.com,8260491079,East Kathryn,California,4160,Kazakhstan
291,Katie,Page,barryerica@yahoo.com,7871551620,Williamsfort,Missouri,42348,Chile
292,Mary,Mitchell,ebaker@hotmail.com,9604099954,Kimberlyton,Ohio,21964,Aruba
293,Ronnie,Richardson,christina84@roberts.biz,9190884218,North Johnmouth,Nebraska,25359,Pakistan
294,Edward,Nguyen,richard17@davis.com,7617447096,Riverahaven,Iowa,19223,Honduras
295,Oscar,Campos,eaustin@gmail.com,6989939466,Holtville,New Mexico,75291,Cook Islands
296,Michael,Cole,nealtaylor@carter.com,7449753543,Pageland,Montana,11192,Saudi Arabia
297,Chelsea,Martin,blakelindsey@gmail.com,7972542274,Michaelfurt,Iowa,7066,Oman
298,Brian,Cunningham,paula53@gmail.com,7416614553,Smithshire,South Dakota,8316,Mozambique
299,David,Fleming,wagnerchristopher@yahoo.com,7840862002,Schultzhaven,Maine,55621,Kiribati
300,Diamond,Hodge,jeffreycruz@reed.com,9989258603,Cathyfort,Kentucky,44058,Bahamas
301,Alex,Flores,porterkayla@griffith-garcia.com,6724455580,East Stephanie,Mississippi,86515,Wallis and Futuna
302,Shannon,Martinez,wilkinslinda@yahoo.com,7902774408,Lake Stephanie,Missouri,42587,Gibraltar
303,Madeline,Ortiz,christina19@hotmail.com,8064334448,Jenniferborough,Texas,91403,Korea
304,Adam,Atkins,taralopez@gmail.com,7848794497,Anthonyhaven,New York,34580,Panama
305,Amy,Harper,christopherprince@yahoo.com,9642304202,New Joshua,Delaware,8563,Malawi
306,Andrew,Nguyen,lisabradshaw@gmail.com,7856277665,Douglasborough,New York,78030,Tuvalu
307,John,Love,flowe@richardson.info,7018385031,Paulaton,Missouri,32657,United Kingdom
308,Jacqueline,Thompson,howardwalter@yahoo.com,6183216517,Davidfort,Kansas,35730,Mauritania
309,Anthony,Eaton,jodiperez@yahoo.com,6421842339,Millerstad,Nevada,53055,United States Minor Outlying Islands
310,Brian,Herman,brooke60@davis.org,6940753681,East Jonathanmouth,Alabama,90678,Bulgaria
311,John,Banks,ashleycruz@crawford.com,9046334809,Lake Steven,Louisiana,98557,Luxembourg
312,Arthur,Gibson,dpowell@hotmail.com,6087202823,East Jeremy,Wyoming,80293,Bhutan
313,Daniel,Howell,bradley70@young-thomas.com,6981047792,Arellanobury,Nebraska,74257,Reunion
314,Margaret,Levy,lcarter@huffman-stone.com,9662940598,Lake Jennifer,Louisiana,92865,Palau
315,Karen,Delgado,qlandry@hotmail.com,6187461760,New Lindsey,West Virginia,66645,Saint Pierre and Miquelon
316,Jennifer,Harris,davidmiller@hotmail.com,9902003034,West Angela,North Dakota,77165,Marshall Islands
317,Jessica,Price,sara28@dunn.com,9405675047,Davidburgh,Idaho,63476,Myanmar
318,Megan,Martin,patriciatorres@yahoo.com,7191410841,New Robert,Massachusetts,23074,Thailand
319,Christine,Miranda,loweeric@yahoo.com,9309118265,Matthewmouth,North Carolina,25239,Monaco
320,Cynthia,Anderson,davidjohnson@english.info,8452887386,Lake Steven,Utah,9896,Timor-Leste
321,Rebecca,Martin,elizabethvaughn@parker.info,6211912561,Port Timothyland,Wyoming,53490,United States Minor Outlying Islands
322,Anna,Barber,cameron36@york-nelson.com,8463506983,Ronaldberg,Alaska,31953,Albania
323,Geoffrey,Mann,emily93@yahoo.com,7637586676,Eduardoberg,Washington,56261,Kiribati
324,Sara,Rodriguez,brandon66@gutierrez.biz,7478322489,South Kevinville,Missouri,93954,Swaziland
325,Dylan,Hayes,gilbertcatherine@gmail.com,9190390080,Lake Lori,Maine,35660,Ghana
326,Bradley,Clay,jordanosborne@anderson.net,7081925000,East Calebfort,Washington,88352,Barbados
327,Janice,Jones,jacksontravis@reyes.com,7397161600,Lake Erinville,South Dakota,12748,Malawi
328,Angela,Bradshaw,kenneth23@hotmail.com,6158809074,New Nancy,Mississippi,94796,Gibraltar
329,Karen,Hayes,joshuamaxwell@yahoo.com,8346855499,New Tiffany,Illinois,41041,United Arab Emirates
330,Michael,Herrera,kerri98@hall.com,8178045045,Murrayborough,South Dakota,45252,Oman
331,Gary,Johnson,gmarsh@hotmail.com,8112450247,Christinestad,Pennsylvania,77558,Senegal
332,David,Gardner,imoore@hotmail.com,9037145529,North Charles,Georgia,65487,Hong Kong
333,Cindy,Gilbert,brent38@henderson-king.net,9505994749,Traceybury,Washington,91750,San Marino
334,Cheryl,Howell,brandonholt@yahoo.com,7965068033,Erinmouth,Nebraska,55972,Bulgaria
335,Nicole,Ball,tamaragarza@edwards.com,7874941742,South Stephanie,Indiana,95487,Liechtenstein
336,Michael,Berger,bartlettsamuel@torres.com,7938144067,Anthonyport,North Dakota,58720,Guyana
337,Austin,Willis,shannoncarroll@gmail.com,9929209526,Lake Brian,Nebraska,30573,Bouvet Island (Bouvetoya)
338,Jeffrey,Lopez,kayla16@hotmail.com,8398400092,Geoffreyland,Missouri,22179,Swaziland
339,Erika,Gray,christina32@yahoo.com,7471517905,Parkerport,California,23527,Bahamas
340,Stephen,Martinez,johnsonjoseph@gmail.com,6563956273,Karaside,Alaska,57295,Ethiopia
341,Melissa,Mcdaniel,jennifer60@gonzalez.com,6081343361,Lake Geraldton,New Hampshire,71667,Mozambique
342,Thomas,Ingram,clee@hotmail.com,6381080698,Figueroashire,Oregon,94749,Tajikistan
343,Daniel,Ryan,halekevin@yahoo.com,6761388901,Port Brandon,Wisconsin,57632,Lithuania
344,Sally,Alexander,richardsonchristina@young-hogan.info,9573141890,Gutierrezview,Maine,56439,Iraq
345,Zachary,Edwards,martinmichael@yahoo.com,6839469971,North Deniseberg,New Mexico,95619,Bhutan
346,Guy,Walsh,fbaker@williams-rodgers.net,8867246630,Allisonborough,Oklahoma,19139,Guinea
347,Shannon,Grimes,qreed@gmail.com,8947288872,North Johnnyport,Pennsylvania,51047,Yemen
348,Benjamin,Norris,mosleymicheal@garcia.com,9115090754,West Dean,Michigan,58855,Colombia
349,Michael,Morales,hutchinsoncheyenne@long.biz,9073545721,North Audrey,Utah,28590,Philippines
350,Riley,Hunter,pmoses@moreno.com,8616926011,Port James,Maryland,98392,Guyana
351,Catherine,Lynch,reidcharles@eaton.com,8989595023,Deannastad,Louisiana,81272,Azerbaijan
352,Theresa,Smith,sharpgina@holland-stevenson.net,6874756139,Tuckerton,Hawaii,42359,Congo
353,Sharon,Jones,maryrocha@yahoo.com,8470318737,Port Grace,Arizona,71353,United Kingdom
354,Spencer,Mendoza,anthony53@yahoo.com,8337851750,Arthurview,Georgia,52338,Palau
355,Jon,Hernandez,margaret04@baker.com,7951438846,Port Jeremyton,Massachusetts,96715,French Polynesia
356,James,Evans,parkerrobert@yahoo.com,8689395060,South Robin,Arizona,77612,Sudan
357,Nathan,Thompson,xlevy@douglas.com,9076824693,Evansberg,Michigan,40821,Nauru
358,Thomas,Hancock,ashleeavila@yahoo.com,9317612119,Jennyland,New Mexico,61341,Morocco
359,Luis,Baker,clucas@yahoo.com,6041048240,South Lisaport,Georgia,65841,Belgium
360,Phillip,Perry,jacobsandrew@knight.com,9498148731,Roberttown,Iowa,29649,Colombia
361,Tammy,Cooper,ymann@gmail.com,6930795530,North Donaldfurt,Maine,34186,Djibouti
362,Jason,Riley,amandabrown@cochran-jordan.com,9175840769,Port Ryan,Missouri,42030,Serbia
363,Jason,Tucker,samuelward@gmail.com,9732405693,South Isabellatown,Wyoming,63797,Qatar
364,Steven,Taylor,nguyenrobin@gmail.com,6449534419,Sethmouth,West Virginia,31215,British Virgin Islands
365,Daniel,Massey,romanmark@gmail.com,6401136422,Garrisontown,Rhode Island,18548,Papua New Guinea
366,Heather,Braun,gallaghervicki@hotmail.com,7265310469,Craigville,Wyoming,26033,Sierra Leone
367,Kimberly,Pierce,edwardhansen@gmail.com,9898426679,Stephenville,Maine,56586,Mayotte
368,Dwayne,Liu,iunderwood@christian.net,6998336665,North Stephen,Georgia,42875,Martinique
369,Timothy,Ramos,bferguson@flores.com,7517007192,Martinezton,Colorado,21671,Antigua and Barbuda
370,Amanda,Turner,sullivancarly@miller.net,9054759752,South Melissafort,Colorado,92816,Mayotte
371,Michael,Nelson,okoch@clark.com,9566748664,Willietown,Delaware,25827,Russian Federation
372,Molly,Johnson,richard52@burgess.net,9123766439,East Charlesfort,Georgia,519,Tuvalu
373,Desiree,Hicks,derek25@hotmail.com,6625471356,North Vincentfort,Hawaii,84238,New Caledonia
374,Brent,Rivera,reedalexander@wang-matthews.net,9476807210,Martinezfurt,Tennessee,38461,Ethiopia
375,Brianna,Bond,ambershaw@cook.org,9468719072,Russellland,South Dakota,35099,Pakistan
376,Jennifer,Rojas,hernandezkimberly@hotmail.com,6641849146,Nicholsonchester,Tennessee,81398,Senegal
377,Billy,Johnson,phillipskimberly@yahoo.com,6212743318,Smithmouth,Maryland,65073,Antarctica (the territory South of 60 deg S)
378,Nicole,Warren,josephmorales@yahoo.com,6557716359,Ginabury,Texas,21787,Nigeria
379,Sarah,Mason,greendouglas@le.com,8428203140,Johnnymouth,Ohio,99080,Panama
380,Joshua,Lopez,wwilson@martinez.com,7133198870,East John,Nevada,99431,Switzerland
381,Hayden,Tran,katiegonzales@gmail.com,7097762039,Williamside,Wisconsin,95007,Angola
382,Edward,Lewis,diane55@brown.com,8175507408,West Daniel,Iowa,37522,British Indian Ocean Territory (Chagos Archipelago)
383,Kenneth,Simpson,kathleenbailey@yahoo.com,7711367145,Allisonstad,Pennsylvania,81221,Monaco
384,Clinton,Lang,eric35@lawson.com,8048201705,North Dustin,Arizona,43798,Saint Martin
385,Jeffrey,Johnson,smithrebecca@holt.org,8830587561,Lake Victoriastad,Vermont,37819,Guatemala
386,Becky,Colon,adam11@york.net,9925879903,Carrieberg,Maryland,72901,Afghanistan
387,Selena,Reyes,joseph39@simpson-brown.com,9771432275,Smithmouth,Texas,87146,Equatorial Guinea
388,Chelsey,Jones,hernandezchristopher@thompson.net,8093996628,Changmouth,Utah,79540,Malawi
389,Katrina,Duffy,kimberly28@miller.com,6879053584,East Ashley,New Hampshire,22899,Palestinian Territory
390,Jasmine,Brown,gina35@yahoo.com,7539773797,South Erin,Virginia,68991,Cuba
391,Kevin,Fletcher,samantha33@schroeder.org,6562718560,Oliverhaven,Delaware,56430,Bhutan
392,Gerald,Aguirre,alexander74@gmail.com,6879514108,Port Cynthialand,Maryland,1513,Bangladesh
393,Joel,Heath,ericksoncarolyn@vargas.com,7875481289,Melissaburgh,Oregon,42295,Georgia
394,Donna,Soto,jessicaevans@davenport-rodriguez.com,6385308541,Port Stevenshire,Utah,94960,Portugal
395,Charles,Lee,zshah@coleman.com,7950324451,West Rebecca,Hawaii,57195,Zambia
396,Corey,Kim,alewis@gmail.com,9737011294,Jamesshire,New Hampshire,65482,Barbados
397,Phillip,Andrews,qfreeman@yahoo.com,7623247414,North Jesusfurt,Rhode Island,90886,Niue
398,Nicholas,Dunn,christinapittman@shaffer.com,9777022459,Walkerton,Arizona,58206,Rwanda
399,Anthony,Cooper,enicholson@rose-mann.com,8934913299,East Michael,Alabama,44169,Denmark
400,Brandon,Sharp,kirkmichelle@nelson.com,6243706778,South Williamport,New Mexico,30469,Turkmenistan
401,Raymond,Hartman,carrie25@hotmail.com,9589468398,Maryberg,Delaware,49287,Sri Lanka
402,Charles,Wilson,johnsonlisa@hotmail.com,8347717199,West Charlottestad,New Mexico,63285,Guernsey
403,Anthony,Moreno,gcooper@hotmail.com,6282219961,New Jasmineburgh,Maine,4210,Liberia
404,Julia,Anderson,deanbrandi@gmail.com,9700542295,East Elizabeth,Vermont,83093,Nepal
405,Stephanie,Morgan,julie33@james-kirk.com,9152471798,Robbinsview,California,84029,Israel
406,Lisa,Roman,sfuentes@hotmail.com,6747167175,South Lindachester,Texas,75613,Puerto Rico
407,Jose,Choi,martha41@caldwell.com,6955187865,Michaelland,Ohio,96082,Venezuela
408,Lance,Craig,derrick39@rice.info,7219920140,Lake Thomasfurt,Louisiana,5567,Niger
409,Michele,Cook,christinakennedy@hotmail.com,7749587516,Lake Mary,Kentucky,90812,Slovakia (Slovak Republic)
410,Michael,Johnson,angel77@yahoo.com,8693471282,Flowersmouth,Iowa,23456,Japan
411,Michael,Fields,mariaperkins@kennedy.com,7239780728,West Tina,Georgia,39299,Cote d'Ivoire
412,Todd,Taylor,vfrancis@nielsen.info,9705582905,Jonesberg,Missouri,64715,Kyrgyz Republic
413,Amy,Gilbert,jmendez@yahoo.com,7590628133,Debbieton,Maine,96268,Burundi
414,Jennifer,Hall,yadams@hotmail.com,9437515324,Hernandezstad,Ohio,2107,Botswana
415,Duane,Hanson,petersonvictoria@sanders.com,6425694914,Ryanhaven,Alabama,80340,Peru
416,Kent,Villarreal,robertjackson@gmail.com,9598629879,New Ashleyton,New York,23842,Brunei Darussalam
417,Jessica,Reed,ecastillo@king.net,7415128774,Port Jamesville,Massachusetts,33332,Albania
418,Veronica,Williams,breweramy@hotmail.com,6752471380,North Lisa,Delaware,20254,Fiji
419,Catherine,Rangel,qdavis@hotmail.com,7596493499,East Nichole,Colorado,70062,Costa Rica
420,Michael,Rodriguez,srollins@bright.biz,9508863207,New Shelleyburgh,Wisconsin,30074,Marshall Islands
421,Barry,Kirk,sonia33@hotmail.com,6502234222,Karenfurt,Pennsylvania,75036,Ireland
422,Chad,Rivera,nmiller@hotmail.com,9793198354,South Josephland,Rhode Island,20259,Malta
423,Brittany,Rodriguez,davidbarton@gmail.com,8725331036,Beckview,New Mexico,92561,Japan
424,Shannon,Le,jstein@lara.net,6495291560,East Kimberly,New Hampshire,94862,Djibouti
425,Cathy,Williams,willisrobert@perkins.com,6136639025,Stephenchester,Hawaii,32264,Trinidad and Tobago
426,Jesse,Gentry,wthornton@yahoo.com,8592224468,Port Teresa,Hawaii,90556,Croatia
427,Jennifer,Ramirez,lindseywilliam@gmail.com,7304209889,Chrismouth,Pennsylvania,58904,Dominican Republic
428,Jeffery,Rodriguez,andreaadams@yahoo.com,9728258160,Fuentesstad,Pennsylvania,11429,Cameroon
429,Amber,Meyer,kevincook@hotmail.com,6412968569,East Steven,California,33551,Niger
430,Jamie,Chavez,geraldjohnson@gmail.com,6117998624,North Mike,Nevada,6575,Bahrain
431,Kimberly,Mcmahon,breanna38@mcdaniel.net,7047974427,West Erinshire,Vermont,22826,Albania
432,Nicholas,Melton,alanwebb@yahoo.com,8482675289,Lake Brian,Indiana,27959,Korea
433,Charles,Gordon,jacksonjacob@lucero.info,9160510186,Michellehaven,Missouri,40382,Puerto Rico
434,Jon,Bowen,harrisjames@hotmail.com,7472226014,Port Keithtown,Kentucky,83250,Vietnam
435,Robert,Robinson,sdennis@yahoo.com,6107989708,New Darrenborough,Missouri,67244,Korea
436,Dennis,Anderson,taylormarilyn@yahoo.com,8672361977,Johnsonland,Utah,3388,Kyrgyz Republic
437,Brittany,White,hernandezpatricia@gmail.com,9402219648,North Anthonystad,Pennsylvania,17974,Cayman Islands
438,Katherine,Williams,wilkersonseth@green.com,9126801440,North Karen,Michigan,16670,Gambia
439,Melissa,Young,candace66@jackson-kirby.net,6118168144,Jonesmouth,Washington,26759,Macedonia
440,Todd,James,floresamanda@davies.com,8663467565,Robertsontown,Tennessee,74314,Tuvalu
441,Sharon,Johnson,amandabutler@gmail.com,8816079897,Oconnorshire,Rhode Island,80955,Svalbard & Jan Mayen Islands
442,Daniel,Thompson,nicholsalexandra@yahoo.com,7574053954,North Timothy,New Hampshire,48593,Hungary
443,Jason,Burch,wmartin@yahoo.com,6054656516,Port Richard,Delaware,88993,Egypt
444,Andrew,Moreno,ericwilliams@pham.com,9967865545,New Anthony,Hawaii,76313,Czech Republic
445,James,Alexander,iochoa@yahoo.com,7633542824,Marthamouth,Nevada,33566,Costa Rica
446,Jamie,Johnson,uconway@oneal.org,7332653947,Millerstad,Oklahoma,40260,Gibraltar
447,Richard,Gould,ayerskathy@yahoo.com,6152485798,Jamieton,West Virginia,9989,Northern Mariana Islands
448,Brandon,Lynch,millerjustin@taylor.biz,7969005561,Blakeland,Texas,35575,United Kingdom
449,Olivia,Robinson,shawnwilcox@yahoo.com,6851369165,Port Jonathanport,Washington,96878,Libyan Arab Jamahiriya
450,Heidi,Flynn,katherine19@yahoo.com,7077340465,Rosariotown,Michigan,44739,Madagascar
451,Michelle,Carter,qpowell@bowers.com,8966858305,Ronnieburgh,Oregon,34335,Lithuania
452,Curtis,Reyes,bruce51@hotmail.com,7624269130,East Amber,Missouri,45424,Iraq
453,Jeffrey,Compton,amber28@stanley.org,8675226150,Lake Haroldton,New Mexico,85846,Cape Verde
454,Timothy,Maddox,billvaldez@gmail.com,6527308519,Conniefurt,Rhode Island,80081,Kuwait
455,Rodney,Reyes,carterhayden@yahoo.com,6647989176,New David,South Carolina,85467,China
456,Carla,Swanson,sandra05@gmail.com,7780027655,South Tiffanyhaven,Tennessee,69441,Maldives
457,Frank,Cruz,johnpadilla@jenkins.com,9065876949,Jasonville,New Mexico,46982,Syrian Arab Republic
458,Emily,Mason,kmorgan@hotmail.com,8121654084,Melissamouth,South Carolina,36561,Samoa
459,Joseph,Dean,caitlyn27@moore-mckee.org,7660049335,Port Andrew,South Carolina,33497,Pitcairn Islands
460,Kara,Miranda,ebuck@yahoo.com,9284866923,Robertchester,Alaska,28897,Eritrea
461,Christina,Hopkins,jrodriguez@zimmerman.com,6264596379,Davidhaven,Virginia,77426,Costa Rica
462,Stacy,Richardson,pamelawatson@gmail.com,9728010915,Mccoytown,New York,19793,Switzerland
463,Shawn,Patel,joshua94@potts-murillo.com,8245044743,Port Jeffrey,Utah,45189,Poland
464,Christina,Solis,eduncan@holt.biz,7755305628,North Matthew,Wyoming,9106,Malawi
465,Tina,Fernandez,richardross@cuevas.com,9921444851,South Denise,New Mexico,71852,Hungary
466,Ryan,Collins,mrichardson@smith.org,9483856308,Port Joy,Massachusetts,67770,China
467,Megan,Blackburn,amyclark@fitzpatrick.com,8900984725,Lake Brooke,Missouri,46163,Tonga
468,Paula,Rollins,kevin25@king.com,8268577516,Lopezview,Maryland,83412,Tonga
469,Kevin,Allison,david38@quinn.biz,8677230849,Veronicaborough,Montana,20207,Nicaragua
470,Nathan,Jacobs,nrice@rose.biz,7671930159,Lake Sara,Maryland,34589,Antarctica (the territory South of 60 deg S)
471,Amanda,Cooper,cynthia82@allen.com,7526131095,Starkland,Massachusetts,7259,Libyan Arab Jamahiriya
472,Melinda,Franco,iwarner@yahoo.com,9211862237,Caldwellview,Rhode Island,66412,Saint Kitts and Nevis
473,Kevin,Morton,lgardner@allen.org,9576819765,North Beverly,North Carolina,37268,Netherlands
474,Scott,Warren,tfritz@thompson.com,6499920740,Port Alexisport,Arizona,76985,Benin
475,Debbie,Griffith,judith00@camacho-mckinney.com,6134182224,Paulville,Tennessee,55037,San Marino
476,Amanda,Sanchez,gracemclean@young.com,9687404048,Port Charleneside,Arizona,51211,Nauru
477,Alyssa,Green,kjones@mcdaniel-tate.com,7566999320,East Ambermouth,Tennessee,18182,Germany
478,Kyle,Webb,andreaallen@sanchez.biz,6991695723,New Heather,Colorado,96571,Tonga
479,Zachary,Barrett,paul64@hotmail.com,7980129943,Joshuatown,South Carolina,18555,Samoa
480,Anthony,Hart,robertstony@perry-gibbs.biz,8562624056,Kaylaport,Alaska,75535,Canada
481,Cassandra,Jones,jacqueline85@gmail.com,6222252609,West Sandra,Oklahoma,23915,Saint Helena
482,Cody,Spencer,fguerra@mcdonald.biz,7629035387,Hollandborough,Oregon,7098,Turkey
483,Antonio,Mejia,pittsrichard@hotmail.com,8734807343,South Christineshire,New Mexico,3935,Barbados
484,Kenneth,George,vanessatate@yahoo.com,7212937733,Kimberlyburgh,Hawaii,72520,Pakistan
485,Angelica,Lambert,shorne@nelson.biz,6045976868,Collinsstad,Maine,41933,Saint Kitts and Nevis
486,Keith,Wheeler,jonessteven@yahoo.com,8797814362,Lake Joseph,Ohio,95304,Jamaica
487,Sandra,Stephenson,matthew59@reynolds.com,7479631052,Lopezhaven,West Virginia,75420,Belgium
488,Julia,Smith,vnorton@miller.net,7930860360,Gilbertland,Minnesota,94832,Madagascar
489,Adrian,Santiago,utran@yahoo.com,7022139320,East Lisafort,Wyoming,20456,Tunisia
490,Gregory,Griffin,roywilkins@powers.com,9545451560,Fishermouth,Alabama,92855,Niger
491,Laura,Moore,schmittteresa@hotmail.com,7820778812,North Shannon,Wyoming,26262,Taiwan
492,Lindsay,Wise,joelynn@gmail.com,6238602626,New Karentown,Kentucky,70049,Ecuador
493,Alicia,Grimes,aliciajenkins@moon.org,8909269270,East Emily,Hawaii,66119,Bosnia and Herzegovina
494,Stephen,Williams,cwilson@thompson.info,7860226629,West Russellbury,North Carolina,57428,Senegal
495,Bruce,Manning,qwilson@yahoo.com,7639688833,North Elizabeth,Oklahoma,50356,Malta
496,Julie,Dudley,michellehendricks@morales.net,6929529246,West Tanyaland,Tennessee,55586,Indonesia
497,Christina,Burns,gbrown@barker.com,6099198657,Petersonchester,North Dakota,57718,Croatia
498,Elizabeth,Miller,murphycynthia@martinez.com,9107200646,Brandonville,Maryland,49657,Tuvalu
499,Angela,Walker,patrick13@aguirre.com,7316235351,West Rachel,Massachusetts,63053,Colombia
500,Daniel,Gonzales,lori01@gmail.com,9771886273,Ryanview,Nevada,85768,Madagascar
